Day,Word
0,miracle
1,patriot
2,vinyl
3,painting
4,dark
5,hype
6,automated
7,energize
8,script
9,charity
10,bless
11,hat
12,mutual
13,invoice
14,brick
15,nest
16,capability
17,acronyms
18,polygon
19,breeze
20,unicorn
21,recover
22,rap
23,button
24,cultist
25,barrels
26,meta
27,gambit
28,reward
29,carpet
30,brand
31,wing
32,boxers
33,meals
34,muscles
35,faithful
36,deli
37,biography
38,romance
39,ghost
40,nineteen
41,venue
42,furniture
43,cage
44,humor
45,rigid
46,furry
47,magnetic
48,denial
49,construction
50,know
51,flu
52,demolishing
53,puppy
54,nebula
55,librarian
56,soldiers
57,royal
58,deer
59,checkers
60,see
61,tumor
62,south
63,towers
64,beef
65,inspection
66,film
67,game
68,gay
69,folding
70,lake
71,honey
72,medal
73,spare
74,rod
75,educational
76,lamp
77,collar
78,universe
79,trademark
80,yarn
81,statistics
82,addition
83,graph
84,rage
85,retail
86,discord
87,position
88,swallows
89,vampire
90,canvas
91,pedestrian
92,thought
93,treat
94,cousin
95,send
96,electron
97,myth
98,obsolete
99,potholes
100,lawyers
101,lane
102,ancient
103,dwelling
104,doodle
105,screen
106,camera
107,candy
108,worry
109,vacuum
110,shirtless
111,storm
112,curiosity
113,neck
114,bacon
115,acid
116,shaft
117,quilt
118,satisfy
119,knee
120,zoo
121,vapor
122,copper
123,firm
124,zebra
125,mirror
126,cascade
127,church
128,rotate
129,stone
130,baptism
131,melt
132,space
133,jacket
134,organic
135,spa
136,factory
137,purse
138,diary
139,sushi
140,patch
141,opportunities
142,insect
143,pointy
144,libertarian
145,agree
146,soup
147,titan
148,narrowest
149,false
150,shake
151,twin
152,beard
153,test
154,iris
155,treasure
156,erased
157,compromise
158,arrested
159,corporate
160,unstable
161,basic
162,batch
163,zombie
164,zipper
165,title
166,hearing
167,expert
168,rice
169,venom
170,egg
171,bigger
172,invented
173,prototype
174,diamond
175,toy
176,spine
177,grandfather
178,megabyte
179,negotiation
180,outfit
181,fence
182,memorable
183,wrap
184,transplant
185,town
186,refugee
187,attacked
188,streak
189,saving
190,castle
191,uniform
192,vision
193,ransom
194,shoots
195,problem
196,nachos
197,legend
198,xylophone
199,spite
200,assassination
201,lady
202,somebody
203,draw
204,ginger
205,neglect
206,wildest
207,hug
208,radio
209,plausible
210,snot
211,argument
212,lip
213,percentage
214,falcon
215,coconut
216,decision
217,mahjong
218,wow
219,pizza
220,trailer
221,purple
222,code
223,thumb
224,sit
225,snail
226,orange
227,chamber
228,hope
229,clients
230,eccentric
231,accent
232,gene
233,policy
234,greet
235,screw
236,congress
237,imagination
238,voltage
239,aluminum
240,raise
241,volume
242,brief
243,artificial
244,straw
245,seed
246,circumference
247,electronic
248,pants
249,center
250,stomach
251,pedantic
252,pasta
253,zygote
254,guarantee
255,thunder
256,floss
257,doorknob
258,arcade
259,tennis
260,flamingo
261,beam
262,cushion
263,random
264,devil
265,parking
266,core
267,update
268,rhythm
269,fantasy
270,candle
271,pregnant
272,glow
273,senator
274,apple
275,hermit
276,affront
277,important
278,bandwagon
279,tarot
280,cricket
281,blog
282,chopstick
283,window
284,bone
285,loom
286,impact
287,admission
288,tablespoon
289,prison
290,insurance
291,maze
292,rally
293,delete
294,pentagon
295,wireless
296,shin
297,plaster
298,gummy
299,cathedral
300,drum
301,eye
302,yogurt
303,bandit
304,cow
305,imply
306,passenger
307,yahoo
308,pronoun
309,tradition
310,parrot
311,couch
312,function
313,festival
314,water
315,projector
316,gymnastics
317,album
318,proof
319,comfy
320,big
321,leave
322,closet
323,volcano
324,translate
325,fresh
326,provision
327,raven
328,region
329,software
330,appeal
331,slot
332,erect
333,giant
334,set
335,reaction
336,omnibus
337,unofficial
338,exotic
339,gallop
340,asterisk
341,officer
342,minor
343,orientation
344,siege
345,cuff
346,abduct
347,tongue
348,abdomen
349,tickle
350,volleyball
351,programmable
352,publish
353,peanut
354,extraordinary
355,population
356,erupt
357,swoop
358,pink
359,laptop
360,bellow
361,souvenir
362,circus
363,novel
364,warn
365,ramp
366,muffin
367,confession
368,abhor
369,tariff
370,least
371,legacy
372,goner
373,preparation
374,strawberry
375,haunt
376,membrane
377,mobile
378,coda
379,moderate
380,trap
381,arc
382,mango
383,super
384,bloom
385,tap
386,sweet
387,bifocal
388,angle
389,bottle
390,foam
391,octopus
392,hang
393,balls
394,reasonable
395,witness
396,taxpayer
397,income
398,install
399,fate
400,deputy
401,control
402,likely
403,hatchet
404,stylus
405,manga
406,parade
407,memento
408,syringe
409,cork
410,jury
411,pollution
412,angel
413,squirrel
414,barber
415,cipher
416,pain
417,sensor
418,vacation
419,caramel
420,ant
421,zone
422,pepperoni
423,flavor
424,lumberjack
425,elsewhere
426,strait
427,junior
428,bide
429,pumpkin
430,convex
431,pony
432,loop
433,crate
434,elephant
435,silly
436,jelly
437,trait
438,glovebox
439,feather
440,saw
441,justify
442,bailiff
443,flea
444,ash
445,defy
446,tray
447,train
448,kangaroo
449,veto
450,coast
451,spoon
452,novice
453,sail
454,tape
455,legendary
456,fang
457,codec
458,bifurcate
459,snowman
460,contraction
461,graduate
462,depression
463,gravel
464,idol
465,sad
466,leverage
467,comrade
468,ray
469,wand
470,typist
471,protest
472,sword
473,barbarian
474,saddle
475,wealthy
476,rib
477,laser
478,snow
479,sum
480,ranch
481,courage
482,peel
483,gum
484,quick
485,rattle
486,mice
487,gargoyle
488,gallery
489,mutter
490,language
491,media
492,pad
493,topple
494,justice
495,shallow
496,atom
497,antenna
498,blister
499,stall
500,collector
501,compare
502,iceberg
503,medical
504,open
505,apex
506,cave
507,firmware
508,syrup
509,punt
510,option
511,win
512,rotor
513,rave
514,vortex
515,basket
516,integral
517,panel
518,conscience
519,passion
520,paradox
521,love
522,cereal
523,marijuana
524,beacon
525,mad
526,headache
527,troll
528,sole
529,platypus
530,buffet
531,span
532,disaster
533,carnivore
534,pecan
535,soy
536,limerick
537,chocolate
538,bread
539,accessibility
540,cloud
541,bliss
542,eagle
543,baby
544,microwave
545,testimony
546,democracy
547,cigar
548,brittle
549,swallow
550,novelty
551,diagram
552,climate
553,shoe
554,vomit
555,moon
556,swamp
557,ink
558,letter
559,cotton
560,orchestra
561,comet
562,swagger
563,tired
564,sour
565,parenthesis
566,quiet
567,theory
568,victim
569,pleasure
570,tyrant
571,prove
572,musk
573,belly
574,glove
575,trampoline
576,arcane
577,deep
578,mix
579,modest
580,pause
581,sauce
582,solar
583,sailor
584,rotten
585,drunk
586,interior
587,citizen
588,confuse
589,alien
590,factor
591,cinnamon
592,sparrow
593,grass
594,crystal
595,galaxy
596,rock
597,edge
598,supernatural
599,earlobe
600,tea
601,opening
602,stuff
603,temple
604,joker
605,check
606,union
607,ankle
608,starfish
609,tortoise
610,crown
611,drag
612,brutal
613,dwarf
614,snowflake
615,friar
616,tranquil
617,ember
618,spiral
619,glue
620,pea
621,recite
622,extravagant
623,tub
624,shingle
625,chug
626,reputation
627,sea
628,dagger
629,sailboat
630,ravioli
631,proverb
632,keep
633,lock
634,fern
635,pork
636,pore
637,bride
638,ensure
639,identification
640,poison
641,comedy
642,remote
643,oh
644,examination
645,sister
646,emperor
647,elevator
648,crab
649,haircut
650,command
651,allergy
652,cue
653,evolution
654,grenade
655,emphasis
656,milk
657,swift
658,balloon
659,hollow
660,print
661,tournament
662,bouquet
663,trumpet
664,mortgage
665,congregation
666,lunar
667,classroom
668,sophisticated
669,stale
670,number
671,cheetah
672,circuit
673,offset
674,dolphin
675,phone
676,porch
677,pope
678,epitome
679,fantastic
680,grief
681,wine
682,clash
683,exhibit
684,extrapolate
685,jaguar
686,gloom
687,mail
688,spoonful
689,smile
690,hardware
691,oops
692,blizzard
693,transportation
694,cooperative
695,butt
696,fireplace
697,swarm
698,barometer
699,testicle
700,wander
701,carnival
702,local
703,mob
704,tobacco
705,biscuit
706,strength
707,voodoo
708,dare
709,cactus
710,isolate
711,circumcise
712,video
713,bowl
714,unknown
715,ceremonial
716,leek
717,contradiction
718,scientific
719,fetish
720,useless
721,stranger
722,wire
723,stoop
724,father
725,alcohol
726,technology
727,porridge
728,retirement
729,flee
730,responsible
731,landscape
732,juggler
733,jellyfish
734,snowball
735,student
736,shuttlecock
737,rank
738,calf
739,adventure
740,farm
741,fool
742,tiger
743,jettison
744,prose
745,fetus
746,bangle
747,movie
748,resign
749,dialect
750,loyal
751,tile
752,vice
753,limitation
754,lewd
755,lollipop
756,limit
757,drain
758,household
759,shallot
760,aardvark
761,comparison
762,chariot
763,cheesecake
764,lover
765,rest
766,smog
767,saucepan
768,punish
769,womb
770,vitamin
771,wreckage
772,quarter
773,blame
774,tuba
775,carabiner
776,triangle
777,twitch
778,tumbler
779,loot
780,ladybug
781,dish
782,stain
783,daredevil
784,rail
785,cheese
786,wax
787,punch
788,miss
789,fly
790,tire
791,facility
792,feast
793,prescription
794,syllable
795,laugh
796,articulate
797,cone
798,chess
799,shoulder
800,endorse
801,logic
802,flick
803,confetti
804,spirit
805,purify
806,conversation
807,integer
808,knight
809,eclipse
810,will
811,main
812,straight
813,entertainment
814,poker
815,swan
816,prosper
817,headquarters
818,mother
819,pet
820,cuddle
821,genie
822,extraterrestrial
823,trust
824,chuckle
825,summer
826,folk
827,flop
828,silence
829,exile
830,line
831,chorus
832,terrorism
833,sibling
834,roll
835,bribe
836,wizard
837,contraption
838,cable
839,unfortunate
840,curse
841,voter
842,cavalry
843,payment
844,escape
845,consequence
846,stallion
847,interloper
848,flesh
849,seaman
850,trapeze
851,edition
852,soul
853,implication
854,flotsam
855,dongle
856,screwdriver
857,article
858,lizard
859,humid
860,gossip
861,meld
862,pee
863,meat
864,episode
865,flicker
866,lung
867,rake
868,shower
869,raccoon
870,carnage
871,mattress
872,sensitive
873,strain
874,adjust
875,middle
876,fortune
877,reproduce
878,idiom
879,bandage
880,timid
881,hub
882,champion
883,symbolic
884,iron
885,seal
886,tower
887,satellite
888,query
889,troop
890,billow
891,lungs
892,extra
893,dread
894,pillow
895,opportunity
896,magazine
897,solitaire
898,swim
899,suit
900,capacitor
901,revenue
902,regime
903,sink
904,judgment
905,calico
906,caught
907,island
908,fog
909,xenophobia
910,bad
911,band
912,trump
913,skinny
914,wedding
915,zest
916,pupil
917,chimpanzee
918,strip
919,volunteer
920,blade
921,parity
922,bud
923,death
924,huge
925,drone
926,ninja
927,poem
928,passive
929,spoil
930,espresso
931,under
932,blaze
933,fish
934,pride
935,queen
936,prude
937,pocket
938,flame
939,pun
940,lid
941,aerosol
942,result
943,reindeer
944,throne
945,newspaper
946,lap
947,global
948,idiot
949,trapezoid
950,hunt
951,dine
952,character
953,thump
954,raid
955,trickster
956,trace
957,half
958,university
959,climb
960,transition
961,helicopter
962,laboratory
963,suitcase
964,neuron
965,twin
966,mute
967,cosmic
968,immature
969,monitor
970,dissolve
971,illegal
972,aisle
973,haiku
974,dairy
975,celebrate
976,animate
977,tenacity
978,nuclear
979,bush
980,warehouse
981,conflict
982,captain
983,property
984,dust
985,coffee
986,bundle
987,dystopia
988,tune
989,tusk
990,small
991,solid
992,miniature
993,agent
994,back
995,heart
996,get
997,dachshund
998,activate
999,annex
1000,dreary
1001,chew
1002,sledgehammer
1003,floral
1004,index
1005,fidelity
1006,ding
1007,sprinkle
1008,citrus
1009,mimic
1010,shop
1011,physical
1012,cloak
1013,credit
1014,institution
1015,whisper
1016,playwright
1017,load
1018,display
1019,radiance
1020,disorder
1021,arithmetic
1022,migraine
1023,wet
1024,unique
1025,scan
1026,saint
1027,cocoa
1028,bit
1029,destination
1030,whistle
1031,cracker
1032,area
1033,descent
1034,western
1035,commit
1036,shadow
1037,joke
1038,prank
1039,denial
1040,disinfectant
1041,prototype
1042,boring
1043,vow
1044,deck
1045,tunnel
1046,procrastinate
1047,date
1048,shuffle
1049,fire
1050,vampire
1051,chemistry
1052,boulder
1053,explore
1054,jetpack
1055,dimension
1056,alarm
1057,behind
1058,harmonica
1059,emote
1060,hibernate
1061,blab
1062,trivia
1063,pat
1064,look
1065,cardinal
1066,flask
1067,cannon
1068,cross
1069,ceremony
1070,event
1071,deadlock
1072,bison
1073,mace
1074,white
1075,zodiac
1076,pack
1077,accordion
1078,migrant
1079,country
1080,pioneer
1081,whale
1082,scoop
1083,season
1084,army
1085,whirlwind
1086,ape
1087,pepper
1088,boon
1089,acrylic
1090,lip
1091,exchange
1092,invade
1093,adapter
1094,brain
1095,times
1096,sweat
1097,multiverse
1098,memory
1099,desktop
1100,aurora
1101,secure
1102,merchant
1103,zoo
1104,milestone
1105,professionalism
1106,chaos
1107,highway
1108,invite
1109,dew
1110,python
1111,edit
1112,wingspan
1113,staff
1114,architect
1115,wrap
1116,punishment
1117,chant
1118,life
1119,inventory
1120,deaf
1121,scribe
1122,iguana
1123,vote
1124,gear
1125,motion
1126,react
1127,pear
1128,toilet
